eventType	type	gameid	time	roundNum	state
state	StateColorGrid	6719-2700e8eb-c2ee-46b3-bcbb-543695fe2f3c	1523838191622	1	{"objs":[{"cellLength":40,"gridDimension":3,"shapes":[{"color":[352,80,50]},{"color":[152,68,50]},{"color":[312,95,50]},{"color":[119,26,50]},{"color":[16,75,50]},{"color":[83,27,50]},{"color":[350,36,50]},{"color":[332,18,50]},{"color":[280,42,50]}]},{"cellLength":40,"gridDimension":3,"shapes":[{"color":[316,9,50]},{"color":[305,26,50]},{"color":[277,60,50]},{"color":[230,84,50]},{"color":[301,48,50]},{"color":[321,28,50]},{"color":[12,71,50]},{"color":[255,42,50]},{"color":[85,94,50]}]},{"cellLength":40,"gridDimension":3,"shapes":[{"color":[296,78,50]},{"color":[33,20,50]},{"color":[242,8,50]},{"color":[3,74,50]},{"color":[98,96,50]},{"color":[3,53,50]},{"color":[159,94,50]},{"color":[112,47,50]},{"color":[42,15,50]}]}],"target":0,"speakerOrder":[1,0,2],"listenerOrder":[2,0,1],"condition":{"name":"FAR"}}
state	StateColorGrid	6719-2700e8eb-c2ee-46b3-bcbb-543695fe2f3c	1523838203364	2	{"objs":[{"cellLength":40,"gridDimension":3,"shapes":[{"color":[53,26,50]},{"color":[191,30,50]},{"color":[273,38,50]},{"color":[3,23,50]},{"color":[102,61,50]},{"color":[262,33,50]},{"color":[146,92,50]},{"color":[88,14,50]},{"color":[44,22,50]}]},{"cellLength":40,"gridDimension":3,"shapes":[{"color":[37,31,50]},{"color":[192,51,50]},{"color":[285,51,50]},{"color":[2,38,50]},{"color":[103,84,50]},{"color":[221,44,50]},{"color":[125,65,50]},{"color":[158,21,50]},{"color":[57,12,50]}]},{"cellLength":40,"gridDimension":3,"shapes":[{"color":[40,21,50]},{"color":[188,87,50]},{"color":[251,71,50]},{"color":[344,23,50]},{"color":[66,51,50]},{"color":[233,7,50]},{"color":[155,49,50]},{"color":[126,8,50]},{"color":[42,43,50]}]}],"target":2,"speakerOrder":[1,0,2],"listenerOrder":[1,2,0],"condition":{"name":"CLOSE"}}
state	StateColorGrid	6719-2700e8eb-c2ee-46b3-bcbb-543695fe2f3c	1523838223418	3	{"objs":[{"cellLength":40,"gridDimension":3,"shapes":[{"color":[74,57,50]},{"color":[34,6,50]},{"color":[231,66,50]},{"color":[186,15,50]},{"color":[261,54,50]},{"color":[63,62,50]},{"color":[70,71,50]},{"color":[34,31,50]},{"color":[63,62,50]}]},{"cellLength":40,"gridDimension":3,"shapes":[{"color":[108,2,50]},{"color":[102,91,50]},{"color":[34,22,50]},{"color":[308,63,50]},{"color":[350,57,50]},{"color":[19,32,50]},{"color":[31,10,50]},{"color":[274,21,50]},{"color":[29,88,50]}]},{"cellLength":40,"gridDimension":3,"shapes":[{"color":[96,88,50]},{"color":[258,12,50]},{"color":[212,44,50]},{"color":[169,19,50]},{"color":[243,34,50]},{"color":[64,94,50]},{"color":[127,72,50]},{"color":[48,43,50]},{"color":[117,62,50]}]}],"target":2,"speakerOrder":[0,2,1],"listenerOrder":[2,0,1],"condition":{"name":"SPLIT"}}
state	StateColorGrid	6719-2700e8eb-c2ee-46b3-bcbb-543695fe2f3c	1523838235559	4	{"objs":[{"cellLength":40,"gridDimension":3,"shapes":[{"color":[0,16,50]},{"color":[292,51,50]},{"color":[98,70,50]},{"color":[193,34,50]},{"color":[116,31,50]},{"color":[313,20,50]},{"color":[61,26,50]},{"color":[280,99,50]},{"color":[23,14,50]}]},{"cellLength":40,"gridDimension":3,"shapes":[{"color":[323,42,50]},{"color":[321,75,50]},{"color":[66,76,50]},{"color":[208,40,50]},{"color":[131,11,50]},{"color":[323,38,50]},{"color":[88,3,50]},{"color":[319,83,50]},{"color":[38,17,50]}]},{"cellLength":40,"gridDimension":3,"shapes":[{"color":[289,15,50]},{"color":[319,36,50]},{"color":[129,80,50]},{"color":[207,24,50]},{"color":[103,21,50]},{"color":[264,30,50]},{"color":[155,19,50]},{"color":[287,73,50]},{"color":[5,8,50]}]}],"target":1,"speakerOrder":[2,0,1],"listenerOrder":[0,1,2],"condition":{"name":"CLOSE"}}
state	StateColorGrid	6719-2700e8eb-c2ee-46b3-bcbb-543695fe2f3c	1523838258484	5	{"objs":[{"cellLength":40,"gridDimension":3,"shapes":[{"color":[203,40,50]},{"color":[283,91,50]},{"color":[254,60,50]},{"color":[96,11,50]},{"color":[252,63,50]},{"color":[265,10,50]},{"color":[352,14,50]},{"color":[56,24,50]},{"color":[358,79,50]}]},{"cellLength":40,"gridDimension":3,"shapes":[{"color":[154,72,50]},{"color":[82,34,50]},{"color":[157,73,50]},{"color":[53,94,50]},{"color":[282,23,50]},{"color":[97,50,50]},{"color":[119,43,50]},{"color":[254,60,50]},{"color":[135,53,50]}]},{"cellLength":40,"gridDimension":3,"shapes":[{"color":[89,91,50]},{"color":[59,18,50]},{"color":[105,57,50]},{"color":[57,63,50]},{"color":[298,41,50]},{"color":[107,23,50]},{"color":[78,49,50]},{"color":[237,29,50]},{"color":[156,42,50]}]}],"target":2,"speakerOrder":[1,0,2],"listenerOrder":[2,1,0],"condition":{"name":"SPLIT"}}
state	StateColorGrid	6719-2700e8eb-c2ee-46b3-bcbb-543695fe2f3c	1523838275813	6	{"objs":[{"cellLength":40,"gridDimension":3,"shapes":[{"color":[64,15,50]},{"color":[102,21,50]},{"color":[77,77,50]},{"color":[107,64,50]},{"color":[134,98,50]},{"color":[22,36,50]},{"color":[40,2,50]},{"color":[12,19,50]},{"color":[181,20,50]}]},{"cellLength":40,"gridDimension":3,"shapes":[{"color":[346,98,50]},{"color":[353,41,50]},{"color":[290,94,50]},{"color":[7,89,50]},{"color":[165,30,50]},{"color":[88,41,50]},{"color":[204,95,50]},{"color":[152,96,50]},{"color":[251,44,50]}]},{"cellLength":40,"gridDimension":3,"shapes":[{"color":[121,39,50]},{"color":[131,62,50]},{"color":[138,97,50]},{"color":[71,90,50]},{"color":[150,87,50]},{"color":[22,71,50]},{"color":[169,18,50]},{"color":[104,0,50]},{"color":[162,50,50]}]}],"target":2,"speakerOrder":[2,0,1],"listenerOrder":[0,1,2],"condition":{"name":"SPLIT"}}
state	StateColorGrid	6719-2700e8eb-c2ee-46b3-bcbb-543695fe2f3c	1523838292212	7	{"objs":[{"cellLength":40,"gridDimension":3,"shapes":[{"color":[323,23,50]},{"color":[204,13,50]},{"color":[282,60,50]},{"color":[217,75,50]},{"color":[118,48,50]},{"color":[164,10,50]},{"color":[180,87,50]},{"color":[145,51,50]},{"color":[242,80,50]}]},{"cellLength":40,"gridDimension":3,"shapes":[{"color":[311,58,50]},{"color":[198,65,50]},{"color":[242,58,50]},{"color":[234,97,50]},{"color":[139,77,50]},{"color":[163,49,50]},{"color":[164,65,50]},{"color":[115,70,50]},{"color":[282,97,50]}]},{"cellLength":40,"gridDimension":3,"shapes":[{"color":[54,1,50]},{"color":[336,28,50]},{"color":[148,35,50]},{"color":[30,68,50]},{"color":[172,9,50]},{"color":[311,41,50]},{"color":[121,11,50]},{"color":[326,87,50]},{"color":[209,1,50]}]}],"target":1,"speakerOrder":[0,2,1],"listenerOrder":[1,2,0],"condition":{"name":"SPLIT"}}
state	StateColorGrid	6719-2700e8eb-c2ee-46b3-bcbb-543695fe2f3c	1523838306364	8	{"objs":[{"cellLength":40,"gridDimension":3,"shapes":[{"color":[266,6,50]},{"color":[270,35,50]},{"color":[37,97,50]},{"color":[93,44,50]},{"color":[87,42,50]},{"color":[359,76,50]},{"color":[358,87,50]},{"color":[145,84,50]},{"color":[45,71,50]}]},{"cellLength":40,"gridDimension":3,"shapes":[{"color":[121,84,50]},{"color":[27,28,50]},{"color":[157,69,50]},{"color":[261,61,50]},{"color":[334,67,50]},{"color":[51,39,50]},{"color":[285,83,50]},{"color":[290,71,50]},{"color":[127,93,50]}]},{"cellLength":40,"gridDimension":3,"shapes":[{"color":[323,74,50]},{"color":[124,52,50]},{"color":[301,94,50]},{"color":[17,42,50]},{"color":[208,48,50]},{"color":[116,44,50]},{"color":[83,5,50]},{"color":[14,18,50]},{"color":[140,31,50]}]}],"target":1,"speakerOrder":[2,0,1],"listenerOrder":[0,2,1],"condition":{"name":"FAR"}}
state	StateColorGrid	6719-2700e8eb-c2ee-46b3-bcbb-543695fe2f3c	1523838330802	9	{"objs":[{"cellLength":40,"gridDimension":3,"shapes":[{"color":[261,41,50]},{"color":[218,63,50]},{"color":[261,94,50]},{"color":[341,10,50]},{"color":[343,91,50]},{"color":[11,10,50]},{"color":[353,39,50]},{"color":[135,81,50]},{"color":[188,48,50]}]},{"cellLength":40,"gridDimension":3,"shapes":[{"color":[223,78,50]},{"color":[222,40,50]},{"color":[290,94,50]},{"color":[285,19,50]},{"color":[354,98,50]},{"color":[142,0,50]},{"color":[4,88,50]},{"color":[164,70,50]},{"color":[198,74,50]}]},{"cellLength":40,"gridDimension":3,"shapes":[{"color":[7,6,50]},{"color":[83,43,50]},{"color":[1,76,50]},{"color":[14,79,50]},{"color":[145,99,50]},{"color":[126,84,50]},{"color":[59,10,50]},{"color":[198,9,50]},{"color":[104,52,50]}]}],"target":0,"speakerOrder":[0,2,1],"listenerOrder":[2,1,0],"condition":{"name":"SPLIT"}}
state	StateColorGrid	6719-2700e8eb-c2ee-46b3-bcbb-543695fe2f3c	1523838345011	10	{"objs":[{"cellLength":40,"gridDimension":3,"shapes":[{"color":[337,20,50]},{"color":[170,62,50]},{"color":[355,42,50]},{"color":[266,94,50]},{"color":[186,11,50]},{"color":[85,86,50]},{"color":[302,71,50]},{"color":[334,5,50]},{"color":[224,78,50]}]},{"cellLength":40,"gridDimension":3,"shapes":[{"color":[88,36,50]},{"color":[5,71,50]},{"color":[211,71,50]},{"color":[323,83,50]},{"color":[170,59,50]},{"color":[190,17,50]},{"color":[75,10,50]},{"color":[209,88,50]},{"color":[176,79,50]}]},{"cellLength":40,"gridDimension":3,"shapes":[{"color":[120,60,50]},{"color":[6,45,50]},{"color":[217,61,50]},{"color":[338,78,50]},{"color":[133,52,50]},{"color":[190,39,50]},{"color":[16,4,50]},{"color":[202,91,50]},{"color":[186,46,50]}]}],"target":1,"speakerOrder":[1,2,0],"listenerOrder":[2,0,1],"condition":{"name":"SPLIT"}}
state	StateColorGrid	6719-2700e8eb-c2ee-46b3-bcbb-543695fe2f3c	1523838367719	11	{"objs":[{"cellLength":40,"gridDimension":3,"shapes":[{"color":[277,18,50]},{"color":[199,8,50]},{"color":[113,74,50]},{"color":[72,20,50]},{"color":[277,64,50]},{"color":[299,17,50]},{"color":[242,77,50]},{"color":[224,8,50]},{"color":[210,45,50]}]},{"cellLength":40,"gridDimension":3,"shapes":[{"color":[238,70,50]},{"color":[353,96,50]},{"color":[326,45,50]},{"color":[160,52,50]},{"color":[47,38,50]},{"color":[201,69,50]},{"color":[175,24,50]},{"color":[246,59,50]},{"color":[313,78,50]}]},{"cellLength":40,"gridDimension":3,"shapes":[{"color":[239,2,50]},{"color":[196,20,50]},{"color":[88,63,50]},{"color":[31,30,50]},{"color":[236,47,50]},{"color":[323,84,50]},{"color":[259,96,50]},{"color":[340,7,50]},{"color":[252,17,50]}]}],"target":2,"speakerOrder":[0,1,2],"listenerOrder":[2,1,0],"condition":{"name":"SPLIT"}}
state	StateColorGrid	6719-2700e8eb-c2ee-46b3-bcbb-543695fe2f3c	1523838378533	12	{"objs":[{"cellLength":40,"gridDimension":3,"shapes":[{"color":[10,47,50]},{"color":[62,12,50]},{"color":[2,75,50]},{"color":[12,62,50]},{"color":[225,58,50]},{"color":[14,48,50]},{"color":[330,84,50]},{"color":[13,20,50]},{"color":[57,77,50]}]},{"cellLength":40,"gridDimension":3,"shapes":[{"color":[212,18,50]},{"color":[107,85,50]},{"color":[124,34,50]},{"color":[224,51,50]},{"color":[189,89,50]},{"color":[239,38,50]},{"color":[95,16,50]},{"color":[18,83,50]},{"color":[268,25,50]}]},{"cellLength":40,"gridDimension":3,"shapes":[{"color":[211,78,50]},{"color":[63,81,50]},{"color":[89,46,50]},{"color":[266,34,50]},{"color":[184,72,50]},{"color":[249,60,50]},{"color":[49,15,50]},{"color":[357,80,50]},{"color":[247,52,50]}]}],"target":1,"speakerOrder":[2,1,0],"listenerOrder":[0,2,1],"condition":{"name":"SPLIT"}}
state	StateColorGrid	6719-2700e8eb-c2ee-46b3-bcbb-543695fe2f3c	1523838388653	13	{"objs":[{"cellLength":40,"gridDimension":3,"shapes":[{"color":[102,73,50]},{"color":[206,25,50]},{"color":[359,20,50]},{"color":[247,89,50]},{"color":[20,73,50]},{"color":[60,78,50]},{"color":[45,62,50]},{"color":[175,24,50]},{"color":[108,98,50]}]},{"cellLength":40,"gridDimension":3,"shapes":[{"color":[5,3,50]},{"color":[142,32,50]},{"color":[39,48,50]},{"color":[35,0,50]},{"color":[154,36,50]},{"color":[271,18,50]},{"color":[16,39,50]},{"color":[115,52,50]},{"color":[48,58,50]}]},{"cellLength":40,"gridDimension":3,"shapes":[{"color":[316,31,50]},{"color":[299,79,50]},{"color":[56,84,50]},{"color":[115,17,50]},{"color":[230,74,50]},{"color":[213,96,50]},{"color":[196,14,50]},{"color":[309,52,50]},{"color":[189,66,50]}]}],"target":2,"speakerOrder":[2,1,0],"listenerOrder":[0,2,1],"condition":{"name":"FAR"}}
state	StateColorGrid	6719-2700e8eb-c2ee-46b3-bcbb-543695fe2f3c	1523838396913	14	{"objs":[{"cellLength":40,"gridDimension":3,"shapes":[{"color":[293,58,50]},{"color":[167,81,50]},{"color":[68,33,50]},{"color":[213,33,50]},{"color":[199,76,50]},{"color":[75,86,50]},{"color":[222,27,50]},{"color":[299,71,50]},{"color":[111,78,50]}]},{"cellLength":40,"gridDimension":3,"shapes":[{"color":[231,71,50]},{"color":[107,81,50]},{"color":[285,57,50]},{"color":[85,15,50]},{"color":[292,30,50]},{"color":[134,16,50]},{"color":[0,42,50]},{"color":[187,95,50]},{"color":[236,27,50]}]},{"cellLength":40,"gridDimension":3,"shapes":[{"color":[80,84,50]},{"color":[65,15,50]},{"color":[20,90,50]},{"color":[164,94,50]},{"color":[25,0,50]},{"color":[320,50,50]},{"color":[318,49,50]},{"color":[234,31,50]},{"color":[39,14,50]}]}],"target":2,"speakerOrder":[1,2,0],"listenerOrder":[2,0,1],"condition":{"name":"FAR"}}
state	StateColorGrid	6719-2700e8eb-c2ee-46b3-bcbb-543695fe2f3c	1523838405607	15	{"objs":[{"cellLength":40,"gridDimension":3,"shapes":[{"color":[308,58,50]},{"color":[92,80,50]},{"color":[228,33,50]},{"color":[177,9,50]},{"color":[29,61,50]},{"color":[39,26,50]},{"color":[139,86,50]},{"color":[48,24,50]},{"color":[144,99,50]}]},{"cellLength":40,"gridDimension":3,"shapes":[{"color":[349,22,50]},{"color":[224,67,50]},{"color":[80,10,50]},{"color":[162,78,50]},{"color":[306,80,50]},{"color":[219,62,50]},{"color":[350,46,50]},{"color":[273,76,50]},{"color":[0,44,50]}]},{"cellLength":40,"gridDimension":3,"shapes":[{"color":[145,80,50]},{"color":[45,16,50]},{"color":[2,24,50]},{"color":[3,79,50]},{"color":[184,75,50]},{"color":[287,84,50]},{"color":[196,77,50]},{"color":[338,43,50]},{"color":[184,24,50]}]}],"target":1,"speakerOrder":[0,1,2],"listenerOrder":[0,2,1],"condition":{"name":"FAR"}}
state	StateColorGrid	6719-2700e8eb-c2ee-46b3-bcbb-543695fe2f3c	1523838417884	16	{"objs":[{"cellLength":40,"gridDimension":3,"shapes":[{"color":[242,59,50]},{"color":[184,53,50]},{"color":[250,50,50]},{"color":[260,43,50]},{"color":[183,42,50]},{"color":[340,62,50]},{"color":[352,78,50]},{"color":[159,59,50]},{"color":[193,54,50]}]},{"cellLength":40,"gridDimension":3,"shapes":[{"color":[197,90,50]},{"color":[211,1,50]},{"color":[160,16,50]},{"color":[112,96,50]},{"color":[0,85,50]},{"color":[24,88,50]},{"color":[93,23,50]},{"color":[221,57,50]},{"color":[85,17,50]}]},{"cellLength":40,"gridDimension":3,"shapes":[{"color":[217,93,50]},{"color":[193,75,50]},{"color":[246,79,50]},{"color":[311,21,50]},{"color":[172,64,50]},{"color":[330,63,50]},{"color":[10,37,50]},{"color":[121,86,50]},{"color":[200,98,50]}]}],"target":2,"speakerOrder":[0,1,2],"listenerOrder":[1,2,0],"condition":{"name":"SPLIT"}}
state	StateColorGrid	6719-2700e8eb-c2ee-46b3-bcbb-543695fe2f3c	1523838430395	17	{"objs":[{"cellLength":40,"gridDimension":3,"shapes":[{"color":[206,23,50]},{"color":[352,29,50]},{"color":[110,23,50]},{"color":[72,80,50]},{"color":[36,3,50]},{"color":[145,72,50]},{"color":[21,78,50]},{"color":[335,15,50]},{"color":[112,37,50]}]},{"cellLength":40,"gridDimension":3,"shapes":[{"color":[148,98,50]},{"color":[125,60,50]},{"color":[131,97,50]},{"color":[178,50,50]},{"color":[159,73,50]},{"color":[2,0,50]},{"color":[233,77,50]},{"color":[91,11,50]},{"color":[213,52,50]}]},{"cellLength":40,"gridDimension":3,"shapes":[{"color":[217,70,50]},{"color":[345,78,50]},{"color":[134,6,50]},{"color":[121,65,50]},{"color":[302,5,50]},{"color":[82,97,50]},{"color":[33,50,50]},{"color":[226,5,50]},{"color":[104,48,50]}]}],"target":2,"speakerOrder":[2,0,1],"listenerOrder":[1,0,2],"condition":{"name":"SPLIT"}}
state	StateColorGrid	6719-2700e8eb-c2ee-46b3-bcbb-543695fe2f3c	1523838442103	18	{"objs":[{"cellLength":40,"gridDimension":3,"shapes":[{"color":[261,27,50]},{"color":[131,76,50]},{"color":[201,39,50]},{"color":[1,47,50]},{"color":[299,2,50]},{"color":[24,3,50]},{"color":[270,21,50]},{"color":[298,30,50]},{"color":[282,10,50]}]},{"cellLength":40,"gridDimension":3,"shapes":[{"color":[302,83,50]},{"color":[320,93,50]},{"color":[230,87,50]},{"color":[186,61,50]},{"color":[33,79,50]},{"color":[356,95,50]},{"color":[161,78,50]},{"color":[15,82,50]},{"color":[169,8,50]}]},{"cellLength":40,"gridDimension":3,"shapes":[{"color":[47,61,50]},{"color":[206,78,50]},{"color":[8,94,50]},{"color":[127,14,50]},{"color":[190,55,50]},{"color":[93,49,50]},{"color":[14,88,50]},{"color":[73,76,50]},{"color":[82,67,50]}]}],"target":1,"speakerOrder":[2,1,0],"listenerOrder":[0,2,1],"condition":{"name":"FAR"}}
state	StateColorGrid	6719-2700e8eb-c2ee-46b3-bcbb-543695fe2f3c	1523838453091	19	{"objs":[{"cellLength":40,"gridDimension":3,"shapes":[{"color":[168,67,50]},{"color":[41,27,50]},{"color":[139,67,50]},{"color":[227,54,50]},{"color":[43,46,50]},{"color":[321,17,50]},{"color":[261,55,50]},{"color":[178,7,50]},{"color":[345,52,50]}]},{"cellLength":40,"gridDimension":3,"shapes":[{"color":[70,39,50]},{"color":[2,51,50]},{"color":[122,3,50]},{"color":[25,17,50]},{"color":[358,56,50]},{"color":[3,51,50]},{"color":[85,99,50]},{"color":[133,47,50]},{"color":[162,94,50]}]},{"cellLength":40,"gridDimension":3,"shapes":[{"color":[150,65,50]},{"color":[31,53,50]},{"color":[101,98,50]},{"color":[252,29,50]},{"color":[50,96,50]},{"color":[308,0,50]},{"color":[264,88,50]},{"color":[326,65,50]},{"color":[4,66,50]}]}],"target":2,"speakerOrder":[2,1,0],"listenerOrder":[0,2,1],"condition":{"name":"SPLIT"}}
state	StateColorGrid	6719-2700e8eb-c2ee-46b3-bcbb-543695fe2f3c	1523838462031	20	{"objs":[{"cellLength":40,"gridDimension":3,"shapes":[{"color":[56,38,50]},{"color":[167,21,50]},{"color":[171,36,50]},{"color":[157,84,50]},{"color":[0,17,50]},{"color":[7,8,50]},{"color":[12,48,50]},{"color":[65,84,50]},{"color":[208,47,50]}]},{"cellLength":40,"gridDimension":3,"shapes":[{"color":[71,3,50]},{"color":[225,68,50]},{"color":[16,77,50]},{"color":[208,15,50]},{"color":[209,59,50]},{"color":[158,59,50]},{"color":[169,76,50]},{"color":[307,93,50]},{"color":[100,62,50]}]},{"cellLength":40,"gridDimension":3,"shapes":[{"color":[330,80,50]},{"color":[274,15,50]},{"color":[318,73,50]},{"color":[52,65,50]},{"color":[77,84,50]},{"color":[186,30,50]},{"color":[253,7,50]},{"color":[30,97,50]},{"color":[309,62,50]}]}],"target":1,"speakerOrder":[0,2,1],"listenerOrder":[0,1,2],"condition":{"name":"FAR"}}
state	StateColorGrid	6719-2700e8eb-c2ee-46b3-bcbb-543695fe2f3c	1523838476255	21	{"objs":[{"cellLength":40,"gridDimension":3,"shapes":[{"color":[249,48,50]},{"color":[162,7,50]},{"color":[341,79,50]},{"color":[326,10,50]},{"color":[332,38,50]},{"color":[3,95,50]},{"color":[203,31,50]},{"color":[237,29,50]},{"color":[180,29,50]}]},{"cellLength":40,"gridDimension":3,"shapes":[{"color":[198,20,50]},{"color":[72,51,50]},{"color":[230,87,50]},{"color":[260,73,50]},{"color":[202,72,50]},{"color":[327,54,50]},{"color":[268,79,50]},{"color":[86,67,50]},{"color":[124,83,50]}]},{"cellLength":40,"gridDimension":3,"shapes":[{"color":[204,68,50]},{"color":[121,35,50]},{"color":[269,31,50]},{"color":[237,39,50]},{"color":[190,85,50]},{"color":[317,12,50]},{"color":[232,58,50]},{"color":[123,81,50]},{"color":[158,68,50]}]}],"target":2,"speakerOrder":[1,0,2],"listenerOrder":[2,0,1],"condition":{"name":"SPLIT"}}
state	StateColorGrid	6719-2700e8eb-c2ee-46b3-bcbb-543695fe2f3c	1523838488590	22	{"objs":[{"cellLength":40,"gridDimension":3,"shapes":[{"color":[355,34,50]},{"color":[240,58,50]},{"color":[65,53,50]},{"color":[86,40,50]},{"color":[220,27,50]},{"color":[273,94,50]},{"color":[348,15,50]},{"color":[259,85,50]},{"color":[17,33,50]}]},{"cellLength":40,"gridDimension":3,"shapes":[{"color":[345,86,50]},{"color":[225,98,50]},{"color":[67,76,50]},{"color":[132,64,50]},{"color":[300,9,50]},{"color":[286,60,50]},{"color":[288,27,50]},{"color":[231,83,50]},{"color":[359,46,50]}]},{"cellLength":40,"gridDimension":3,"shapes":[{"color":[352,68,50]},{"color":[286,80,50]},{"color":[56,41,50]},{"color":[93,26,50]},{"color":[270,0,50]},{"color":[243,51,50]},{"color":[337,45,50]},{"color":[273,45,50]},{"color":[13,72,50]}]}],"target":2,"speakerOrder":[0,1,2],"listenerOrder":[2,0,1],"condition":{"name":"CLOSE"}}
state	StateColorGrid	6719-2700e8eb-c2ee-46b3-bcbb-543695fe2f3c	1523838497641	23	{"objs":[{"cellLength":40,"gridDimension":3,"shapes":[{"color":[77,38,50]},{"color":[124,11,50]},{"color":[354,91,50]},{"color":[265,9,50]},{"color":[15,27,50]},{"color":[345,38,50]},{"color":[73,75,50]},{"color":[307,30,50]},{"color":[312,57,50]}]},{"cellLength":40,"gridDimension":3,"shapes":[{"color":[42,42,50]},{"color":[104,28,50]},{"color":[1,32,50]},{"color":[116,2,50]},{"color":[16,85,50]},{"color":[11,58,50]},{"color":[101,86,50]},{"color":[287,41,50]},{"color":[324,26,50]}]},{"cellLength":40,"gridDimension":3,"shapes":[{"color":[60,35,50]},{"color":[78,10,50]},{"color":[336,91,50]},{"color":[308,6,50]},{"color":[354,66,50]},{"color":[13,32,50]},{"color":[135,89,50]},{"color":[335,51,50]},{"color":[296,84,50]}]}],"target":1,"speakerOrder":[2,1,0],"listenerOrder":[2,1,0],"condition":{"name":"CLOSE"}}
state	StateColorGrid	6719-2700e8eb-c2ee-46b3-bcbb-543695fe2f3c	1523838512564	24	{"objs":[{"cellLength":40,"gridDimension":3,"shapes":[{"color":[72,15,50]},{"color":[268,94,50]},{"color":[42,57,50]},{"color":[338,79,50]},{"color":[157,74,50]},{"color":[344,27,50]},{"color":[154,21,50]},{"color":[75,9,50]},{"color":[79,31,50]}]},{"cellLength":40,"gridDimension":3,"shapes":[{"color":[314,95,50]},{"color":[69,23,50]},{"color":[108,59,50]},{"color":[239,14,50]},{"color":[223,75,50]},{"color":[29,68,50]},{"color":[1,34,50]},{"color":[255,7,50]},{"color":[185,70,50]}]},{"cellLength":40,"gridDimension":3,"shapes":[{"color":[255,65,50]},{"color":[112,81,50]},{"color":[248,47,50]},{"color":[179,90,50]},{"color":[307,31,50]},{"color":[125,36,50]},{"color":[267,82,50]},{"color":[273,56,50]},{"color":[161,98,50]}]}],"target":0,"speakerOrder":[2,0,1],"listenerOrder":[1,0,2],"condition":{"name":"FAR"}}
state	StateColorGrid	6719-2700e8eb-c2ee-46b3-bcbb-543695fe2f3c	1523838524448	25	{"objs":[{"cellLength":40,"gridDimension":3,"shapes":[{"color":[345,52,50]},{"color":[206,39,50]},{"color":[232,20,50]},{"color":[284,41,50]},{"color":[25,18,50]},{"color":[225,45,50]},{"color":[295,71,50]},{"color":[148,32,50]},{"color":[55,54,50]}]},{"cellLength":40,"gridDimension":3,"shapes":[{"color":[161,12,50]},{"color":[28,12,50]},{"color":[91,92,50]},{"color":[48,99,50]},{"color":[220,26,50]},{"color":[158,38,50]},{"color":[101,59,50]},{"color":[182,85,50]},{"color":[342,66,50]}]},{"cellLength":40,"gridDimension":3,"shapes":[{"color":[134,49,50]},{"color":[162,46,50]},{"color":[134,6,50]},{"color":[111,32,50]},{"color":[134,29,50]},{"color":[26,51,50]},{"color":[166,41,50]},{"color":[240,12,50]},{"color":[228,42,50]}]}],"target":2,"speakerOrder":[1,2,0],"listenerOrder":[1,2,0],"condition":{"name":"FAR"}}
state	StateColorGrid	6719-2700e8eb-c2ee-46b3-bcbb-543695fe2f3c	1523838542102	26	{"objs":[{"cellLength":40,"gridDimension":3,"shapes":[{"color":[123,38,50]},{"color":[153,32,50]},{"color":[303,35,50]},{"color":[301,22,50]},{"color":[134,53,50]},{"color":[228,26,50]},{"color":[85,95,50]},{"color":[41,97,50]},{"color":[223,75,50]}]},{"cellLength":40,"gridDimension":3,"shapes":[{"color":[353,19,50]},{"color":[187,98,50]},{"color":[118,94,50]},{"color":[96,55,50]},{"color":[7,1,50]},{"color":[350,47,50]},{"color":[260,54,50]},{"color":[51,21,50]},{"color":[113,92,50]}]},{"cellLength":40,"gridDimension":3,"shapes":[{"color":[269,7,50]},{"color":[193,63,50]},{"color":[74,99,50]},{"color":[147,93,50]},{"color":[187,8,50]},{"color":[6,28,50]},{"color":[274,81,50]},{"color":[62,55,50]},{"color":[89,88,50]}]}],"target":1,"speakerOrder":[0,1,2],"listenerOrder":[0,1,2],"condition":{"name":"SPLIT"}}
state	StateColorGrid	6719-2700e8eb-c2ee-46b3-bcbb-543695fe2f3c	1523838551702	27	{"objs":[{"cellLength":40,"gridDimension":3,"shapes":[{"color":[188,67,50]},{"color":[230,89,50]},{"color":[319,66,50]},{"color":[29,68,50]},{"color":[247,88,50]},{"color":[33,86,50]},{"color":[171,99,50]},{"color":[148,43,50]},{"color":[230,40,50]}]},{"cellLength":40,"gridDimension":3,"shapes":[{"color":[156,32,50]},{"color":[139,45,50]},{"color":[66,44,50]},{"color":[98,11,50]},{"color":[347,44,50]},{"color":[123,2,50]},{"color":[210,75,50]},{"color":[63,40,50]},{"color":[322,25,50]}]},{"cellLength":40,"gridDimension":3,"shapes":[{"color":[94,77,50]},{"color":[49,5,50]},{"color":[166,54,50]},{"color":[247,51,50]},{"color":[82,31,50]},{"color":[190,42,50]},{"color":[141,8,50]},{"color":[227,8,50]},{"color":[74,2,50]}]}],"target":0,"speakerOrder":[0,2,1],"listenerOrder":[0,1,2],"condition":{"name":"FAR"}}
state	StateColorGrid	6719-2700e8eb-c2ee-46b3-bcbb-543695fe2f3c	1523838575946	28	{"objs":[{"cellLength":40,"gridDimension":3,"shapes":[{"color":[341,12,50]},{"color":[158,87,50]},{"color":[175,29,50]},{"color":[80,6,50]},{"color":[278,22,50]},{"color":[44,91,50]},{"color":[5,11,50]},{"color":[342,54,50]},{"color":[94,37,50]}]},{"cellLength":40,"gridDimension":3,"shapes":[{"color":[24,4,50]},{"color":[128,74,50]},{"color":[193,57,50]},{"color":[65,21,50]},{"color":[235,34,50]},{"color":[37,72,50]},{"color":[327,5,50]},{"color":[330,90,50]},{"color":[94,59,50]}]},{"cellLength":40,"gridDimension":3,"shapes":[{"color":[258,15,50]},{"color":[153,95,50]},{"color":[196,33,50]},{"color":[143,9,50]},{"color":[288,44,50]},{"color":[40,88,50]},{"color":[13,5,50]},{"color":[295,26,50]},{"color":[134,72,50]}]}],"target":1,"speakerOrder":[2,1,0],"listenerOrder":[2,1,0],"condition":{"name":"CLOSE"}}
state	StateColorGrid	6719-2700e8eb-c2ee-46b3-bcbb-543695fe2f3c	1523838589133	29	{"objs":[{"cellLength":40,"gridDimension":3,"shapes":[{"color":[227,96,50]},{"color":[331,58,50]},{"color":[86,61,50]},{"color":[210,50,50]},{"color":[111,63,50]},{"color":[274,47,50]},{"color":[311,71,50]},{"color":[202,25,50]},{"color":[192,42,50]}]},{"cellLength":40,"gridDimension":3,"shapes":[{"color":[245,40,50]},{"color":[339,43,50]},{"color":[143,52,50]},{"color":[223,20,50]},{"color":[108,98,50]},{"color":[231,79,50]},{"color":[308,51,50]},{"color":[200,63,50]},{"color":[152,1,50]}]},{"cellLength":40,"gridDimension":3,"shapes":[{"color":[272,75,50]},{"color":[333,93,50]},{"color":[142,74,50]},{"color":[205,82,50]},{"color":[162,86,50]},{"color":[255,65,50]},{"color":[327,75,50]},{"color":[206,9,50]},{"color":[189,19,50]}]}],"target":2,"speakerOrder":[0,1,2],"listenerOrder":[1,2,0],"condition":{"name":"CLOSE"}}
state	StateColorGrid	6719-2700e8eb-c2ee-46b3-bcbb-543695fe2f3c	1523838603280	30	{"objs":[{"cellLength":40,"gridDimension":3,"shapes":[{"color":[289,41,50]},{"color":[32,20,50]},{"color":[354,85,50]},{"color":[122,81,50]},{"color":[258,93,50]},{"color":[321,74,50]},{"color":[39,6,50]},{"color":[51,34,50]},{"color":[186,34,50]}]},{"cellLength":40,"gridDimension":3,"shapes":[{"color":[272,76,50]},{"color":[106,6,50]},{"color":[15,31,50]},{"color":[150,98,50]},{"color":[232,88,50]},{"color":[292,93,50]},{"color":[91,22,50]},{"color":[98,22,50]},{"color":[195,78,50]}]},{"cellLength":40,"gridDimension":3,"shapes":[{"color":[244,61,50]},{"color":[18,2,50]},{"color":[7,97,50]},{"color":[165,91,50]},{"color":[233,51,50]},{"color":[277,50,50]},{"color":[57,29,50]},{"color":[66,48,50]},{"color":[202,81,50]}]}],"target":0,"speakerOrder":[2,0,1],"listenerOrder":[2,1,0],"condition":{"name":"CLOSE"}}
state	StateColorGrid	6719-2700e8eb-c2ee-46b3-bcbb-543695fe2f3c	1523838612084	31	{"objs":[{"cellLength":40,"gridDimension":3,"shapes":[{"color":[332,55,50]},{"color":[306,41,50]},{"color":[334,51,50]},{"color":[132,8,50]},{"color":[169,65,50]},{"color":[257,34,50]},{"color":[149,56,50]},{"color":[337,9,50]},{"color":[292,29,50]}]},{"cellLength":40,"gridDimension":3,"shapes":[{"color":[98,98,50]},{"color":[54,32,50]},{"color":[64,12,50]},{"color":[39,35,50]},{"color":[64,88,50]},{"color":[72,31,50]},{"color":[288,60,50]},{"color":[359,72,50]},{"color":[206,93,50]}]},{"cellLength":40,"gridDimension":3,"shapes":[{"color":[98,61,50]},{"color":[38,84,50]},{"color":[285,1,50]},{"color":[41,48,50]},{"color":[54,85,50]},{"color":[139,30,50]},{"color":[260,78,50]},{"color":[13,54,50]},{"color":[209,64,50]}]}],"target":2,"speakerOrder":[0,2,1],"listenerOrder":[2,1,0],"condition":{"name":"SPLIT"}}
state	StateColorGrid	6719-2700e8eb-c2ee-46b3-bcbb-543695fe2f3c	1523838637569	32	{"objs":[{"cellLength":40,"gridDimension":3,"shapes":[{"color":[338,58,50]},{"color":[98,11,50]},{"color":[149,68,50]},{"color":[6,48,50]},{"color":[250,2,50]},{"color":[258,57,50]},{"color":[148,94,50]},{"color":[206,17,50]},{"color":[40,47,50]}]},{"cellLength":40,"gridDimension":3,"shapes":[{"color":[288,25,50]},{"color":[171,29,50]},{"color":[161,93,50]},{"color":[353,63,50]},{"color":[35,23,50]},{"color":[253,75,50]},{"color":[138,50,50]},{"color":[236,14,50]},{"color":[54,7,50]}]},{"cellLength":40,"gridDimension":3,"shapes":[{"color":[325,45,50]},{"color":[93,5,50]},{"color":[129,74,50]},{"color":[6,91,50]},{"color":[111,5,50]},{"color":[294,55,50]},{"color":[134,83,50]},{"color":[270,48,50]},{"color":[24,21,50]}]}],"target":2,"speakerOrder":[1,0,2],"listenerOrder":[2,0,1],"condition":{"name":"CLOSE"}}
state	StateColorGrid	6719-2700e8eb-c2ee-46b3-bcbb-543695fe2f3c	1523838648220	33	{"objs":[{"cellLength":40,"gridDimension":3,"shapes":[{"color":[98,82,50]},{"color":[268,24,50]},{"color":[51,91,50]},{"color":[154,50,50]},{"color":[136,49,50]},{"color":[327,14,50]},{"color":[36,24,50]},{"color":[292,33,50]},{"color":[150,36,50]}]},{"cellLength":40,"gridDimension":3,"shapes":[{"color":[177,68,50]},{"color":[31,46,50]},{"color":[94,79,50]},{"color":[223,76,50]},{"color":[226,66,50]},{"color":[355,99,50]},{"color":[134,32,50]},{"color":[149,56,50]},{"color":[194,86,50]}]},{"cellLength":40,"gridDimension":3,"shapes":[{"color":[267,82,50]},{"color":[146,7,50]},{"color":[272,26,50]},{"color":[45,21,50]},{"color":[193,5,50]},{"color":[118,55,50]},{"color":[302,97,50]},{"color":[215,73,50]},{"color":[59,89,50]}]}],"target":0,"speakerOrder":[0,1,2],"listenerOrder":[1,0,2],"condition":{"name":"FAR"}}
state	StateColorGrid	6719-2700e8eb-c2ee-46b3-bcbb-543695fe2f3c	1523838659585	34	{"objs":[{"cellLength":40,"gridDimension":3,"shapes":[{"color":[31,9,50]},{"color":[251,0,50]},{"color":[59,56,50]},{"color":[272,88,50]},{"color":[269,5,50]},{"color":[140,13,50]},{"color":[281,92,50]},{"color":[226,7,50]},{"color":[105,70,50]}]},{"cellLength":40,"gridDimension":3,"shapes":[{"color":[68,8,50]},{"color":[221,23,50]},{"color":[52,60,50]},{"color":[278,24,50]},{"color":[334,25,50]},{"color":[157,39,50]},{"color":[284,56,50]},{"color":[134,3,50]},{"color":[97,33,50]}]},{"cellLength":40,"gridDimension":3,"shapes":[{"color":[354,3,50]},{"color":[314,14,50]},{"color":[63,81,50]},{"color":[296,47,50]},{"color":[275,15,50]},{"color":[173,9,50]},{"color":[243,86,50]},{"color":[282,3,50]},{"color":[90,82,50]}]}],"target":2,"speakerOrder":[0,1,2],"listenerOrder":[1,0,2],"condition":{"name":"CLOSE"}}
state	StateColorGrid	6719-2700e8eb-c2ee-46b3-bcbb-543695fe2f3c	1523838670597	35	{"objs":[{"cellLength":40,"gridDimension":3,"shapes":[{"color":[245,54,50]},{"color":[74,20,50]},{"color":[313,6,50]},{"color":[277,97,50]},{"color":[107,11,50]},{"color":[292,30,50]},{"color":[278,82,50]},{"color":[248,21,50]},{"color":[228,18,50]}]},{"cellLength":40,"gridDimension":3,"shapes":[{"color":[102,48,50]},{"color":[1,70,50]},{"color":[137,36,50]},{"color":[328,71,50]},{"color":[220,66,50]},{"color":[145,24,50]},{"color":[0,58,50]},{"color":[192,11,50]},{"color":[102,88,50]}]},{"cellLength":40,"gridDimension":3,"shapes":[{"color":[328,77,50]},{"color":[333,76,50]},{"color":[202,87,50]},{"color":[63,9,50]},{"color":[330,54,50]},{"color":[4,17,50]},{"color":[222,35,50]},{"color":[28,94,50]},{"color":[107,18,50]}]}],"target":0,"speakerOrder":[0,1,2],"listenerOrder":[2,0,1],"condition":{"name":"FAR"}}
state	StateColorGrid	6719-2700e8eb-c2ee-46b3-bcbb-543695fe2f3c	1523838685226	36	{"objs":[{"cellLength":40,"gridDimension":3,"shapes":[{"color":[123,10,50]},{"color":[92,1,50]},{"color":[271,42,50]},{"color":[274,92,50]},{"color":[355,42,50]},{"color":[274,91,50]},{"color":[192,95,50]},{"color":[348,19,50]},{"color":[252,33,50]}]},{"cellLength":40,"gridDimension":3,"shapes":[{"color":[83,19,50]},{"color":[326,5,50]},{"color":[236,33,50]},{"color":[262,42,50]},{"color":[314,34,50]},{"color":[277,29,50]},{"color":[179,54,50]},{"color":[317,11,50]},{"color":[235,65,50]}]},{"cellLength":40,"gridDimension":3,"shapes":[{"color":[150,42,50]},{"color":[4,16,50]},{"color":[250,56,50]},{"color":[231,76,50]},{"color":[321,58,50]},{"color":[268,62,50]},{"color":[191,70,50]},{"color":[262,22,50]},{"color":[281,30,50]}]}],"target":1,"speakerOrder":[2,0,1],"listenerOrder":[0,1,2],"condition":{"name":"CLOSE"}}
state	StateColorGrid	6719-2700e8eb-c2ee-46b3-bcbb-543695fe2f3c	1523838727101	37	{"objs":[{"cellLength":40,"gridDimension":3,"shapes":[{"color":[54,5,50]},{"color":[102,67,50]},{"color":[268,44,50]},{"color":[96,11,50]},{"color":[91,61,50]},{"color":[246,28,50]},{"color":[160,43,50]},{"color":[317,11,50]},{"color":[113,44,50]}]},{"cellLength":40,"gridDimension":3,"shapes":[{"color":[27,36,50]},{"color":[77,90,50]},{"color":[257,27,50]},{"color":[125,20,50]},{"color":[149,67,50]},{"color":[279,30,50]},{"color":[168,27,50]},{"color":[314,17,50]},{"color":[90,42,50]}]},{"cellLength":40,"gridDimension":3,"shapes":[{"color":[12,5,50]},{"color":[128,55,50]},{"color":[326,21,50]},{"color":[92,28,50]},{"color":[144,38,50]},{"color":[297,30,50]},{"color":[179,43,50]},{"color":[225,16,50]},{"color":[110,18,50]}]}],"target":2,"speakerOrder":[2,1,0],"listenerOrder":[0,2,1],"condition":{"name":"CLOSE"}}
state	StateColorGrid	6719-2700e8eb-c2ee-46b3-bcbb-543695fe2f3c	1523838751271	38	{"objs":[{"cellLength":40,"gridDimension":3,"shapes":[{"color":[323,74,50]},{"color":[81,47,50]},{"color":[140,90,50]},{"color":[235,22,50]},{"color":[295,38,50]},{"color":[222,67,50]},{"color":[310,72,50]},{"color":[54,82,50]},{"color":[342,31,50]}]},{"cellLength":40,"gridDimension":3,"shapes":[{"color":[315,94,50]},{"color":[157,60,50]},{"color":[130,73,50]},{"color":[209,66,50]},{"color":[323,57,50]},{"color":[259,63,50]},{"color":[306,38,50]},{"color":[64,85,50]},{"color":[324,28,50]}]},{"cellLength":40,"gridDimension":3,"shapes":[{"color":[6,9,50]},{"color":[339,48,50]},{"color":[242,9,50]},{"color":[99,70,50]},{"color":[14,13,50]},{"color":[69,88,50]},{"color":[230,25,50]},{"color":[239,4,50]},{"color":[252,71,50]}]}],"target":0,"speakerOrder":[0,1,2],"listenerOrder":[0,1,2],"condition":{"name":"SPLIT"}}
state	StateColorGrid	6719-2700e8eb-c2ee-46b3-bcbb-543695fe2f3c	1523838764539	39	{"objs":[{"cellLength":40,"gridDimension":3,"shapes":[{"color":[99,58,50]},{"color":[287,6,50]},{"color":[210,65,50]},{"color":[357,41,50]},{"color":[247,5,50]},{"color":[303,18,50]},{"color":[205,32,50]},{"color":[317,25,50]},{"color":[81,11,50]}]},{"cellLength":40,"gridDimension":3,"shapes":[{"color":[269,4,50]},{"color":[13,41,50]},{"color":[250,82,50]},{"color":[213,9,50]},{"color":[50,55,50]},{"color":[142,60,50]},{"color":[327,49,50]},{"color":[225,25,50]},{"color":[28,41,50]}]},{"cellLength":40,"gridDimension":3,"shapes":[{"color":[152,49,50]},{"color":[269,29,50]},{"color":[215,65,50]},{"color":[0,70,50]},{"color":[37,13,50]},{"color":[358,20,50]},{"color":[218,45,50]},{"color":[5,20,50]},{"color":[178,14,50]}]}],"target":2,"speakerOrder":[0,1,2],"listenerOrder":[1,2,0],"condition":{"name":"SPLIT"}}
state	StateColorGrid	6719-2700e8eb-c2ee-46b3-bcbb-543695fe2f3c	1523838778885	40	{"objs":[{"cellLength":40,"gridDimension":3,"shapes":[{"color":[289,74,50]},{"color":[166,97,50]},{"color":[334,49,50]},{"color":[30,25,50]},{"color":[264,98,50]},{"color":[206,1,50]},{"color":[130,96,50]},{"color":[216,37,50]},{"color":[172,16,50]}]},{"cellLength":40,"gridDimension":3,"shapes":[{"color":[289,41,50]},{"color":[148,65,50]},{"color":[304,8,50]},{"color":[139,0,50]},{"color":[294,83,50]},{"color":[202,46,50]},{"color":[122,47,50]},{"color":[226,75,50]},{"color":[172,59,50]}]},{"cellLength":40,"gridDimension":3,"shapes":[{"color":[289,19,50]},{"color":[163,35,50]},{"color":[0,23,50]},{"color":[91,3,50]},{"color":[264,54,50]},{"color":[208,13,50]},{"color":[80,67,50]},{"color":[256,45,50]},{"color":[179,43,50]}]}],"target":1,"speakerOrder":[0,1,2],"listenerOrder":[2,0,1],"condition":{"name":"CLOSE"}}
state	StateColorGrid	6719-2700e8eb-c2ee-46b3-bcbb-543695fe2f3c	1523838792330	41	{"objs":[{"cellLength":40,"gridDimension":3,"shapes":[{"color":[69,84,50]},{"color":[22,6,50]},{"color":[185,71,50]},{"color":[354,18,50]},{"color":[134,16,50]},{"color":[256,94,50]},{"color":[230,84,50]},{"color":[349,90,50]},{"color":[57,93,50]}]},{"cellLength":40,"gridDimension":3,"shapes":[{"color":[168,24,50]},{"color":[185,76,50]},{"color":[307,18,50]},{"color":[188,96,50]},{"color":[26,51,50]},{"color":[33,18,50]},{"color":[26,17,50]},{"color":[25,64,50]},{"color":[114,99,50]}]},{"cellLength":40,"gridDimension":3,"shapes":[{"color":[53,26,50]},{"color":[202,70,50]},{"color":[111,46,50]},{"color":[224,30,50]},{"color":[85,47,50]},{"color":[156,29,50]},{"color":[51,97,50]},{"color":[234,82,50]},{"color":[77,38,50]}]}],"target":1,"speakerOrder":[1,0,2],"listenerOrder":[1,2,0],"condition":{"name":"FAR"}}
state	StateColorGrid	6719-2700e8eb-c2ee-46b3-bcbb-543695fe2f3c	1523838815160	42	{"objs":[{"cellLength":40,"gridDimension":3,"shapes":[{"color":[255,84,50]},{"color":[34,33,50]},{"color":[65,64,50]},{"color":[152,44,50]},{"color":[107,7,50]},{"color":[282,62,50]},{"color":[41,73,50]},{"color":[79,44,50]},{"color":[189,77,50]}]},{"cellLength":40,"gridDimension":3,"shapes":[{"color":[247,46,50]},{"color":[87,11,50]},{"color":[114,62,50]},{"color":[152,83,50]},{"color":[167,30,50]},{"color":[290,71,50]},{"color":[53,58,50]},{"color":[63,72,50]},{"color":[183,58,50]}]},{"cellLength":40,"gridDimension":3,"shapes":[{"color":[270,45,50]},{"color":[44,30,50]},{"color":[78,73,50]},{"color":[98,33,50]},{"color":[98,30,50]},{"color":[311,46,50]},{"color":[50,93,50]},{"color":[81,95,50]},{"color":[194,75,50]}]}],"target":2,"speakerOrder":[1,0,2],"listenerOrder":[0,2,1],"condition":{"name":"CLOSE"}}
state	StateColorGrid	6719-2700e8eb-c2ee-46b3-bcbb-543695fe2f3c	1523838827774	43	{"objs":[{"cellLength":40,"gridDimension":3,"shapes":[{"color":[182,24,50]},{"color":[119,51,50]},{"color":[142,62,50]},{"color":[295,94,50]},{"color":[327,75,50]},{"color":[275,83,50]},{"color":[315,76,50]},{"color":[23,61,50]},{"color":[22,45,50]}]},{"cellLength":40,"gridDimension":3,"shapes":[{"color":[185,15,50]},{"color":[146,96,50]},{"color":[155,67,50]},{"color":[280,40,50]},{"color":[317,77,50]},{"color":[300,57,50]},{"color":[195,3,50]},{"color":[16,83,50]},{"color":[37,43,50]}]},{"cellLength":40,"gridDimension":3,"shapes":[{"color":[146,24,50]},{"color":[114,78,50]},{"color":[163,52,50]},{"color":[320,85,50]},{"color":[335,88,50]},{"color":[259,39,50]},{"color":[287,20,50]},{"color":[1,90,50]},{"color":[34,69,50]}]}],"target":2,"speakerOrder":[2,1,0],"listenerOrder":[2,1,0],"condition":{"name":"CLOSE"}}
state	StateColorGrid	6719-2700e8eb-c2ee-46b3-bcbb-543695fe2f3c	1523838837872	44	{"objs":[{"cellLength":40,"gridDimension":3,"shapes":[{"color":[75,23,50]},{"color":[232,39,50]},{"color":[43,33,50]},{"color":[81,99,50]},{"color":[161,74,50]},{"color":[269,27,50]},{"color":[3,92,50]},{"color":[342,22,50]},{"color":[351,92,50]}]},{"cellLength":40,"gridDimension":3,"shapes":[{"color":[8,12,50]},{"color":[302,83,50]},{"color":[300,41,50]},{"color":[4,9,50]},{"color":[325,67,50]},{"color":[152,33,50]},{"color":[322,22,50]},{"color":[198,89,50]},{"color":[51,66,50]}]},{"cellLength":40,"gridDimension":3,"shapes":[{"color":[60,75,50]},{"color":[109,67,50]},{"color":[156,74,50]},{"color":[91,24,50]},{"color":[103,12,50]},{"color":[165,99,50]},{"color":[104,18,50]},{"color":[100,0,50]},{"color":[302,19,50]}]}],"target":2,"speakerOrder":[0,2,1],"listenerOrder":[2,1,0],"condition":{"name":"FAR"}}
state	StateColorGrid	6719-2700e8eb-c2ee-46b3-bcbb-543695fe2f3c	1523838849752	45	{"objs":[{"cellLength":40,"gridDimension":3,"shapes":[{"color":[323,18,50]},{"color":[357,87,50]},{"color":[221,84,50]},{"color":[109,66,50]},{"color":[245,58,50]},{"color":[7,27,50]},{"color":[197,88,50]},{"color":[127,36,50]},{"color":[221,75,50]}]},{"cellLength":40,"gridDimension":3,"shapes":[{"color":[6,41,50]},{"color":[14,94,50]},{"color":[229,31,50]},{"color":[66,34,50]},{"color":[281,54,50]},{"color":[332,51,50]},{"color":[194,45,50]},{"color":[108,78,50]},{"color":[210,99,50]}]},{"cellLength":40,"gridDimension":3,"shapes":[{"color":[9,17,50]},{"color":[0,44,50]},{"color":[249,30,50]},{"color":[119,45,50]},{"color":[244,96,50]},{"color":[355,36,50]},{"color":[182,22,50]},{"color":[157,57,50]},{"color":[202,16,50]}]}],"target":0,"speakerOrder":[0,1,2],"listenerOrder":[2,1,0],"condition":{"name":"CLOSE"}}
state	StateColorGrid	6719-2700e8eb-c2ee-46b3-bcbb-543695fe2f3c	1523838869241	46	{"objs":[{"cellLength":40,"gridDimension":3,"shapes":[{"color":[7,41,50]},{"color":[162,79,50]},{"color":[338,6,50]},{"color":[237,54,50]},{"color":[215,84,50]},{"color":[106,8,50]},{"color":[306,26,50]},{"color":[67,33,50]},{"color":[281,60,50]}]},{"cellLength":40,"gridDimension":3,"shapes":[{"color":[12,97,50]},{"color":[109,93,50]},{"color":[350,17,50]},{"color":[214,57,50]},{"color":[234,44,50]},{"color":[130,17,50]},{"color":[292,90,50]},{"color":[87,24,50]},{"color":[297,44,50]}]},{"cellLength":40,"gridDimension":3,"shapes":[{"color":[18,49,50]},{"color":[139,84,50]},{"color":[246,10,50]},{"color":[252,17,50]},{"color":[222,71,50]},{"color":[131,26,50]},{"color":[285,70,50]},{"color":[113,32,50]},{"color":[296,64,50]}]}],"target":1,"speakerOrder":[2,0,1],"listenerOrder":[1,0,2],"condition":{"name":"CLOSE"}}
state	StateColorGrid	6719-2700e8eb-c2ee-46b3-bcbb-543695fe2f3c	1523838879082	47	{"objs":[{"cellLength":40,"gridDimension":3,"shapes":[{"color":[17,40,50]},{"color":[18,60,50]},{"color":[12,79,50]},{"color":[286,59,50]},{"color":[299,71,50]},{"color":[352,55,50]},{"color":[17,57,50]},{"color":[57,4,50]},{"color":[13,57,50]}]},{"cellLength":40,"gridDimension":3,"shapes":[{"color":[185,31,50]},{"color":[190,75,50]},{"color":[165,59,50]},{"color":[14,52,50]},{"color":[216,54,50]},{"color":[69,4,50]},{"color":[136,78,50]},{"color":[340,98,50]},{"color":[201,27,50]}]},{"cellLength":40,"gridDimension":3,"shapes":[{"color":[351,73,50]},{"color":[356,97,50]},{"color":[359,43,50]},{"color":[274,48,50]},{"color":[266,47,50]},{"color":[2,59,50]},{"color":[17,92,50]},{"color":[170,5,50]},{"color":[13,76,50]}]}],"target":0,"speakerOrder":[1,2,0],"listenerOrder":[1,2,0],"condition":{"name":"SPLIT"}}
state	StateColorGrid	6719-2700e8eb-c2ee-46b3-bcbb-543695fe2f3c	1523838892189	48	{"objs":[{"cellLength":40,"gridDimension":3,"shapes":[{"color":[220,44,50]},{"color":[5,35,50]},{"color":[311,49,50]},{"color":[143,16,50]},{"color":[46,88,50]},{"color":[58,82,50]},{"color":[63,32,50]},{"color":[159,94,50]},{"color":[46,83,50]}]},{"cellLength":40,"gridDimension":3,"shapes":[{"color":[242,83,50]},{"color":[237,53,50]},{"color":[75,47,50]},{"color":[81,73,50]},{"color":[184,1,50]},{"color":[204,29,50]},{"color":[33,78,50]},{"color":[7,41,50]},{"color":[346,9,50]}]},{"cellLength":40,"gridDimension":3,"shapes":[{"color":[151,75,50]},{"color":[170,21,50]},{"color":[208,51,50]},{"color":[234,96,50]},{"color":[258,50,50]},{"color":[189,94,50]},{"color":[38,0,50]},{"color":[207,95,50]},{"color":[158,90,50]}]}],"target":2,"speakerOrder":[1,2,0],"listenerOrder":[1,2,0],"condition":{"name":"FAR"}}
state	StateColorGrid	6719-2700e8eb-c2ee-46b3-bcbb-543695fe2f3c	1523838906977	49	{"objs":[{"cellLength":40,"gridDimension":3,"shapes":[{"color":[76,39,50]},{"color":[250,2,50]},{"color":[105,48,50]},{"color":[55,57,50]},{"color":[22,52,50]},{"color":[239,82,50]},{"color":[12,74,50]},{"color":[240,9,50]},{"color":[166,21,50]}]},{"cellLength":40,"gridDimension":3,"shapes":[{"color":[128,26,50]},{"color":[225,13,50]},{"color":[96,32,50]},{"color":[78,53,50]},{"color":[31,29,50]},{"color":[260,78,50]},{"color":[6,51,50]},{"color":[54,3,50]},{"color":[128,2,50]}]},{"cellLength":40,"gridDimension":3,"shapes":[{"color":[68,27,50]},{"color":[261,9,50]},{"color":[70,70,50]},{"color":[64,80,50]},{"color":[24,18,50]},{"color":[266,39,50]},{"color":[345,81,50]},{"color":[310,8,50]},{"color":[169,0,50]}]}],"target":0,"speakerOrder":[2,0,1],"listenerOrder":[1,0,2],"condition":{"name":"CLOSE"}}
state	StateColorGrid	6719-2700e8eb-c2ee-46b3-bcbb-543695fe2f3c	1523838917476	50	{"objs":[{"cellLength":40,"gridDimension":3,"shapes":[{"color":[60,28,50]},{"color":[52,49,50]},{"color":[237,24,50]},{"color":[29,72,50]},{"color":[358,51,50]},{"color":[109,43,50]},{"color":[325,6,50]},{"color":[334,15,50]},{"color":[267,42,50]}]},{"cellLength":40,"gridDimension":3,"shapes":[{"color":[17,13,50]},{"color":[130,79,50]},{"color":[152,33,50]},{"color":[9,11,50]},{"color":[268,33,50]},{"color":[263,12,50]},{"color":[149,30,50]},{"color":[36,71,50]},{"color":[10,42,50]}]},{"cellLength":40,"gridDimension":3,"shapes":[{"color":[79,89,50]},{"color":[120,21,50]},{"color":[63,87,50]},{"color":[219,93,50]},{"color":[107,49,50]},{"color":[259,94,50]},{"color":[33,82,50]},{"color":[255,50,50]},{"color":[179,16,50]}]}],"target":1,"speakerOrder":[2,1,0],"listenerOrder":[1,2,0],"condition":{"name":"FAR"}}
state	StateColorGrid	6719-2700e8eb-c2ee-46b3-bcbb-543695fe2f3c	1523838954595	51	{"objs":[{"cellLength":40,"gridDimension":3,"shapes":[{"color":[85,34,50]},{"color":[241,82,50]},{"color":[267,54,50]},{"color":[139,6,50]},{"color":[40,77,50]},{"color":[181,36,50]},{"color":[23,29,50]},{"color":[224,20,50]},{"color":[97,62,50]}]},{"cellLength":40,"gridDimension":3,"shapes":[{"color":[129,51,50]},{"color":[249,44,50]},{"color":[303,23,50]},{"color":[78,4,50]},{"color":[39,41,50]},{"color":[181,11,50]},{"color":[22,87,50]},{"color":[239,15,50]},{"color":[69,47,50]}]},{"cellLength":40,"gridDimension":3,"shapes":[{"color":[140,78,50]},{"color":[282,59,50]},{"color":[311,56,50]},{"color":[184,30,50]},{"color":[46,74,50]},{"color":[142,4,50]},{"color":[33,87,50]},{"color":[204,37,50]},{"color":[77,98,50]}]}],"target":0,"speakerOrder":[1,0,2],"listenerOrder":[1,2,0],"condition":{"name":"CLOSE"}}
state	StateColorGrid	6719-2700e8eb-c2ee-46b3-bcbb-543695fe2f3c	1523838974759	52	{"objs":[{"cellLength":40,"gridDimension":3,"shapes":[{"color":[313,84,50]},{"color":[207,31,50]},{"color":[348,20,50]},{"color":[12,58,50]},{"color":[17,21,50]},{"color":[189,55,50]},{"color":[181,7,50]},{"color":[48,24,50]},{"color":[299,29,50]}]},{"cellLength":40,"gridDimension":3,"shapes":[{"color":[339,68,50]},{"color":[210,73,50]},{"color":[355,53,50]},{"color":[7,87,50]},{"color":[26,59,50]},{"color":[202,15,50]},{"color":[230,18,50]},{"color":[50,55,50]},{"color":[256,26,50]}]},{"cellLength":40,"gridDimension":3,"shapes":[{"color":[300,39,50]},{"color":[230,39,50]},{"color":[331,28,50]},{"color":[352,77,50]},{"color":[8,71,50]},{"color":[169,18,50]},{"color":[284,7,50]},{"color":[35,26,50]},{"color":[317,24,50]}]}],"target":1,"speakerOrder":[0,1,2],"listenerOrder":[1,2,0],"condition":{"name":"CLOSE"}}
state	StateColorGrid	6719-2700e8eb-c2ee-46b3-bcbb-543695fe2f3c	1523838987434	53	{"objs":[{"cellLength":40,"gridDimension":3,"shapes":[{"color":[173,20,50]},{"color":[307,2,50]},{"color":[49,44,50]},{"color":[5,54,50]},{"color":[84,30,50]},{"color":[315,82,50]},{"color":[355,82,50]},{"color":[35,37,50]},{"color":[250,76,50]}]},{"cellLength":40,"gridDimension":3,"shapes":[{"color":[277,5,50]},{"color":[98,71,50]},{"color":[122,46,50]},{"color":[137,84,50]},{"color":[221,55,50]},{"color":[267,98,50]},{"color":[359,11,50]},{"color":[213,96,50]},{"color":[158,93,50]}]},{"cellLength":40,"gridDimension":3,"shapes":[{"color":[81,20,50]},{"color":[183,5,50]},{"color":[59,86,50]},{"color":[333,69,50]},{"color":[127,27,50]},{"color":[307,97,50]},{"color":[336,68,50]},{"color":[30,80,50]},{"color":[279,42,50]}]}],"target":2,"speakerOrder":[0,1,2],"listenerOrder":[2,1,0],"condition":{"name":"SPLIT"}}
state	StateColorGrid	6719-2700e8eb-c2ee-46b3-bcbb-543695fe2f3c	1523839003338	54	{"objs":[{"cellLength":40,"gridDimension":3,"shapes":[{"color":[297,56,50]},{"color":[80,69,50]},{"color":[276,81,50]},{"color":[5,19,50]},{"color":[193,3,50]},{"color":[283,46,50]},{"color":[18,85,50]},{"color":[2,7,50]},{"color":[254,53,50]}]},{"cellLength":40,"gridDimension":3,"shapes":[{"color":[153,98,50]},{"color":[315,26,50]},{"color":[25,20,50]},{"color":[222,53,50]},{"color":[182,59,50]},{"color":[180,10,50]},{"color":[167,1,50]},{"color":[216,25,50]},{"color":[224,11,50]}]},{"cellLength":40,"gridDimension":3,"shapes":[{"color":[98,14,50]},{"color":[174,34,50]},{"color":[147,48,50]},{"color":[168,64,50]},{"color":[245,62,50]},{"color":[355,93,50]},{"color":[282,20,50]},{"color":[83,41,50]},{"color":[79,58,50]}]}],"target":0,"speakerOrder":[1,0,2],"listenerOrder":[1,0,2],"condition":{"name":"FAR"}}
state	StateColorGrid	6719-2700e8eb-c2ee-46b3-bcbb-543695fe2f3c	1523839016158	55	{"objs":[{"cellLength":40,"gridDimension":3,"shapes":[{"color":[352,70,50]},{"color":[327,88,50]},{"color":[327,40,50]},{"color":[233,16,50]},{"color":[181,58,50]},{"color":[165,65,50]},{"color":[39,10,50]},{"color":[112,47,50]},{"color":[165,92,50]}]},{"cellLength":40,"gridDimension":3,"shapes":[{"color":[4,11,50]},{"color":[225,81,50]},{"color":[229,97,50]},{"color":[111,30,50]},{"color":[110,20,50]},{"color":[243,56,50]},{"color":[30,70,50]},{"color":[210,99,50]},{"color":[334,68,50]}]},{"cellLength":40,"gridDimension":3,"shapes":[{"color":[212,74,50]},{"color":[86,73,50]},{"color":[52,27,50]},{"color":[124,98,50]},{"color":[202,64,50]},{"color":[356,42,50]},{"color":[305,16,50]},{"color":[306,69,50]},{"color":[63,10,50]}]}],"target":2,"speakerOrder":[0,1,2],"listenerOrder":[1,0,2],"condition":{"name":"FAR"}}
state	StateColorGrid	6719-2700e8eb-c2ee-46b3-bcbb-543695fe2f3c	1523839031977	56	{"objs":[{"cellLength":40,"gridDimension":3,"shapes":[{"color":[69,90,50]},{"color":[40,19,50]},{"color":[234,5,50]},{"color":[107,72,50]},{"color":[186,96,50]},{"color":[60,79,50]},{"color":[359,25,50]},{"color":[100,45,50]},{"color":[12,70,50]}]},{"cellLength":40,"gridDimension":3,"shapes":[{"color":[109,63,50]},{"color":[153,9,50]},{"color":[185,0,50]},{"color":[127,50,50]},{"color":[193,39,50]},{"color":[52,76,50]},{"color":[1,2,50]},{"color":[68,36,50]},{"color":[3,56,50]}]},{"cellLength":40,"gridDimension":3,"shapes":[{"color":[304,4,50]},{"color":[95,81,50]},{"color":[303,60,50]},{"color":[304,68,50]},{"color":[320,79,50]},{"color":[131,69,50]},{"color":[247,38,50]},{"color":[349,41,50]},{"color":[299,77,50]}]}],"target":1,"speakerOrder":[2,1,0],"listenerOrder":[0,2,1],"condition":{"name":"SPLIT"}}
state	StateColorGrid	6719-2700e8eb-c2ee-46b3-bcbb-543695fe2f3c	1523839050944	57	{"objs":[{"cellLength":40,"gridDimension":3,"shapes":[{"color":[188,95,50]},{"color":[71,88,50]},{"color":[237,62,50]},{"color":[335,2,50]},{"color":[139,80,50]},{"color":[136,34,50]},{"color":[48,99,50]},{"color":[237,86,50]},{"color":[285,53,50]}]},{"cellLength":40,"gridDimension":3,"shapes":[{"color":[226,69,50]},{"color":[108,35,50]},{"color":[21,82,50]},{"color":[52,99,50]},{"color":[10,99,50]},{"color":[185,60,50]},{"color":[254,29,50]},{"color":[303,90,50]},{"color":[341,95,50]}]},{"cellLength":40,"gridDimension":3,"shapes":[{"color":[186,65,50]},{"color":[55,84,50]},{"color":[216,44,50]},{"color":[34,6,50]},{"color":[127,30,50]},{"color":[81,56,50]},{"color":[42,60,50]},{"color":[263,78,50]},{"color":[296,55,50]}]}],"target":0,"speakerOrder":[2,1,0],"listenerOrder":[0,1,2],"condition":{"name":"SPLIT"}}
state	StateColorGrid	6719-2700e8eb-c2ee-46b3-bcbb-543695fe2f3c	1523839060814	58	{"objs":[{"cellLength":40,"gridDimension":3,"shapes":[{"color":[40,92,50]},{"color":[294,34,50]},{"color":[199,4,50]},{"color":[211,59,50]},{"color":[347,22,50]},{"color":[313,66,50]},{"color":[346,71,50]},{"color":[84,0,50]},{"color":[57,1,50]}]},{"cellLength":40,"gridDimension":3,"shapes":[{"color":[225,29,50]},{"color":[68,99,50]},{"color":[107,18,50]},{"color":[116,57,50]},{"color":[263,88,50]},{"color":[13,94,50]},{"color":[153,36,50]},{"color":[38,51,50]},{"color":[216,52,50]}]},{"cellLength":40,"gridDimension":3,"shapes":[{"color":[97,87,50]},{"color":[134,49,50]},{"color":[123,81,50]},{"color":[263,46,50]},{"color":[31,65,50]},{"color":[149,8,50]},{"color":[200,92,50]},{"color":[87,99,50]},{"color":[117,70,50]}]}],"target":2,"speakerOrder":[2,1,0],"listenerOrder":[2,0,1],"condition":{"name":"FAR"}}
state	StateColorGrid	6719-2700e8eb-c2ee-46b3-bcbb-543695fe2f3c	1523839075788	59	{"objs":[{"cellLength":40,"gridDimension":3,"shapes":[{"color":[45,93,50]},{"color":[54,11,50]},{"color":[289,81,50]},{"color":[17,15,50]},{"color":[215,34,50]},{"color":[62,81,50]},{"color":[1,81,50]},{"color":[179,10,50]},{"color":[256,59,50]}]},{"cellLength":40,"gridDimension":3,"shapes":[{"color":[120,37,50]},{"color":[309,37,50]},{"color":[343,58,50]},{"color":[103,89,50]},{"color":[98,66,50]},{"color":[322,91,50]},{"color":[182,75,50]},{"color":[227,58,50]},{"color":[319,70,50]}]},{"cellLength":40,"gridDimension":3,"shapes":[{"color":[352,40,50]},{"color":[232,27,50]},{"color":[67,95,50]},{"color":[223,23,50]},{"color":[306,51,50]},{"color":[40,56,50]},{"color":[36,7,50]},{"color":[146,73,50]},{"color":[122,60,50]}]}],"target":2,"speakerOrder":[2,1,0],"listenerOrder":[1,2,0],"condition":{"name":"FAR"}}
state	StateColorGrid	6719-2700e8eb-c2ee-46b3-bcbb-543695fe2f3c	1523839108262	60	{"objs":[{"cellLength":40,"gridDimension":3,"shapes":[{"color":[68,62,50]},{"color":[318,26,50]},{"color":[263,50,50]},{"color":[184,94,50]},{"color":[36,35,50]},{"color":[299,73,50]},{"color":[282,29,50]},{"color":[22,22,50]},{"color":[187,68,50]}]},{"cellLength":40,"gridDimension":3,"shapes":[{"color":[127,58,50]},{"color":[343,33,50]},{"color":[231,52,50]},{"color":[168,87,50]},{"color":[40,88,50]},{"color":[289,69,50]},{"color":[284,40,50]},{"color":[36,52,50]},{"color":[176,12,50]}]},{"cellLength":40,"gridDimension":3,"shapes":[{"color":[80,94,50]},{"color":[296,11,50]},{"color":[275,88,50]},{"color":[168,36,50]},{"color":[27,84,50]},{"color":[319,58,50]},{"color":[270,85,50]},{"color":[17,51,50]},{"color":[166,29,50]}]}],"target":2,"speakerOrder":[1,0,2],"listenerOrder":[1,0,2],"condition":{"name":"CLOSE"}}
